Workbook

Sheet 版本总览
A1: 螺栓预紧力监测系统 版本更新目录（1.0 ～ 2.0）
A2: 青岛百恒新能源技术有限公司 · 谛听·恒 · 整理日期 2026-09-22 · 条目数按「更新明细」表统计
A4: 版本 | B4: 发布日期 | C4: 产品形态 | D4: 定位 | E4: 主要更新 | F4: 条目数 | G4: 交付物 / 包 | H4: 依据
A5: v1.0.0 | B5: 2026-07-15 | C5: 在线监测平台（API + Vue 网页 + PostgreSQL/TimescaleDB，接厂家 FxSDK 1.4） | D5: 首个交付基线 | E5: • 首次完整快照：前端、后端、数据库迁移与部署脚本入库（06-15） • 标定四眼复核、许可证容量门禁、采集层解耦、测点健康字段、数据库集成测试 • 前端商业化改造：标定工作台 / 设备控制台 / 告警增强 / 实时 / 大屏；界面全中文化、术语统一 • 接入实验室真机：波形落库、迁移补齐、日志收敛、令牌吊销 • 采集可靠性：修会话竞态与看门狗重连判定，背压不丢最新，按收包时刻计新鲜度 • 法兰雷达重做为工程布置图（按现场位号排布，支持未监测孔位）；告警中心专业化（处置优先级 / 责任链 / 抑制） • 标定状态口径修正；总览 / 资产重构（新增偏高、超张力状态） • 版本定稿、依赖安全升级、仓库瘦身 | F5: =COUNTIF(更新明细!$A:$A,$A5) | G5: 源码仓库 tag v1.0.0 | H5: git tag v1.0.0（c2acf42）及 06-15～07-15 提交
A6: 1.1.0 | B6: 2026-07-31 | C6: 在线监测平台 | D6: 探头热插拔识别与现场验收工作流 | E6: • 探头热插拔识别：插上秒级识别对应通道并自动采集，拔下即时显示断开 • 在位判定加物理门；拔出静默阈值随通道数自适应 • 检测即螺栓：探头在位自动建档 + 设备默认监测组 • 点位与验收工作流：验收会话 / 验收记录 / 点位表 / 接线指纹守卫 • 通道目录管理，48 通道免重启扩容 • 真机协议链路修复：RefTime 存储读取波形、心跳 2 s 保活、参数探测 • 后台服务健康心跳、/ready 就绪探针升级、unbound 保留期清理 • LicenseSigner 签发工具；机器码不随网络状态漂移 • 标定页深检与全页面深检修复（18 处）；SPA 深链白屏回退；Fx:Mode 按 Real 兜底 • CI 增加前端构建 job；代码与文档整备（删死代码、注释归零、文风统一、G6 门禁） | F6: =COUNTIF(更新明细!$A:$A,$A6) | G6: 源码仓库（版本 1.1.0） | H6: commit cb513d9「版本 1.1.0」及 07-15～07-31 提交
A7: v1.2.0 | B7: 2026-08-05 | C7: 在线监测平台 | D7: 告警阈值进库、告警出站通知、设备生命周期管理、HTTPS 与备份 | E7: • 告警阈值进库：alarm_rules 三级 scope + 两步异人复核，appsettings 退为出厂兜底 • 告警出站通知：事务性发件箱 + 派发服务（风暴合并 / 退避 / dead）+ webhook 三种报文 + 通知管理页 • 设备生命周期：IngestionService 改 supervisor 对账循环；设备 CRUD 热增删、容量预检、禁用连带闭合 signal_lost、软删守卫 • HTTPS 定稿脚本（自签证书进受信根 + Kestrel）与每日备份计划任务（滚动保留 14 份 + 恢复演练手册） • 数据库迁移改账本式执行，现网升级不再人工挑 SQL • SDK 解码链修复：坏帧跳过重同步，超时不再杀解码循环，发送失败不再吞 • 修三处监测静默：GB 范围外告警、重连后轮询集、WAL 积压期误报 • 安全：/api/license/detail 匿名可读修复、路由授权契约、真实 JWT 鉴权链测试、CSV 公式注入封堵 • 大批测试补齐（采集消费循环、WAL 重放、接线指纹、通道自动检测、验收、审批、点位表导入导出等），496 项全绿 • 仿真模式生产防线（Production 配 Simulated 拒绝启动）；交付物不再露出机器码；通道上限统一为 48 | F7: =COUNTIF(更新明细!$A:$A,$A7) | G7: 源码仓库 tag v1.2.0 | H7: git tag v1.2.0（f1ee3bf）及 07-31～08-05 提交
A8: v1.2.1 | B8: 2026-08-07 | C8: 在线监测平台（商用交付版） | D8: 商用交付冲刺：假安全清零、真机回归、安装包首次出包、备份恢复与加固 | E8: • 安全加固与审计追溯：登录 IP 限速、Webhook SSRF 防护、JWT 缩到 120 分钟、审计记 IP 且 append-only • 数据一致性：WAL 落盘补 fsync，EF 映射补 turbine_id / default_group_id • 交付硬化主批：告警 KPI 页、BITE 自检、设备校时、告警泛滥保护、降级可见、不确定度展示、精度口径改为 ±5% • 假安全清零：DB 故障降级可见、WAL 满 Critical、验收拦未配目标力、前端陈旧数据不再装正常 • 整合测试首次全量跑通 507/507；M4 真机回归在 DEV_LAB_001 全链路通过 • M5 安装包首次出包（Inno Setup，捆 PG16.14 + TimescaleDB 2.28.3），install-all.ps1 一条命令装机；修 PowerShell 5.1 解析失败 • 运维加固：服务声明 PG 依赖与崩溃重启双保险；备份补月备晋级与一键恢复脚本（真库演练通过） • 加固批：count 加时间窗防全扫、读参白名单、连接池抬到 200 • NOTICE 第三方许可清单；Windows 迁移与建置门禁（AnalysisLevel 8.0、CI 补 Windows 建置） • 文档对齐现状并落交接单 | F8: =COUNTIF(更新明细!$A:$A,$A8) | G8: bhlssdk-delivery-v1.2.1 安装包 | H8: git tag v1.2.1（d2e84e0）及 08-05～08-07 提交
A9: 1.2.1 后（未发版） | B9: 2026-08-12 ～ 08-24 | C9: 在线监测平台末期（未单独发版；09-09 随平台下线，成果沿用到引擎与工位软件） | D9: FxSDK 1.6 换源、探头识别与标定加固 | E9: • FxSDK 1.4.0 → 1.6.0 换源升级：补丁重打与行为回齐，自动法锚点全链路持久化（08-12） • 探头在位加固与系统自检；全站 29 项前后端数据契约修复；整体移除设备模拟器（只剩真机一条路） • 螺栓档案两级模型：占位档 / 资产档，占位档离位 7 天自动回收 • 标定加固：在役锚定定为风机现场主路径、拟合只认当前基线、扭矩系数 K 进向导、相关法声时 + 亚采样精化 • 材料库与规格预设；力-声时同步标定试验模式（P1） • 告警闭环 P0：五项规则诊断 + 结构化归因；告警规则与参数变更取消异人审批（提交即生效、留痕） • 通道自动检测停摆告知（横幅、进度条、预计剩余）；建档与在位分级加 12 dB 信号质量门；贴门假过零守卫（SDK 1.6 源码研读结论） | F9: =COUNTIF(更新明细!$A:$A,$A9) | G9: — | H9: commits bd86db4 … 1ba9b5a（08-12～08-24）
A10: 1.3 | B10: ≈2026-08-28 ～ 09-01 | C10: 工位软件（现场桌面）「谛听·恒 螺栓预紧力测量工位软件」 | D10: 桌面软件首版可用：直连设备、看数、扫探头、置零、改参数 | E10: • TCP 或串口直连采集设备（08-28 首次编译，当时版本号沿用仓库的 1.2.1） • 各通道声时、温度、预紧力列表；点开一条看趋势和波形 • 扫探头：看回波、信噪比是否合格 • 通道置零 • 修改增益、回波窗等通道参数 • 预紧力按 F = Δt / K_L 计算（K_L 待拉伸标定后填入） | F10: =COUNTIF(更新明细!$A:$A,$A10) | G10: — | H10: 《谛听恒-螺栓试验能力建设进展汇报-20260901.docx》第四节；src/FxMonitor/bin 08-28 编译产物
A11: 1.4 ～ 1.5.1 | B11: 2026-09-01 ～ 09-07（1.5.1 于 09-07 编译） | C11: 工位软件 | D11: 参数下发、标定文件、操作留痕（1.4 / 1.5 逐版内容无留档，按 1.5.1 源码快照汇总） | E11: • 「扫描通道」：按回波信噪比在 48 路里找出接了探头的通道（约 1 分钟）；扫描无响应可向设备发重启命令 • 主列表：通道 / 夹紧力 kN / 声时差 ns / 温度 ℃ / 信噪比 dB / 状态；右侧通道参数面板与六张数值卡片（夹紧力、声时差、回波声时、温度、伸长量、标准差） • 波形面板，可叠加显示参考回波 • 「通道置零...」对话框：用当前实测声时 / 温度 / 回波覆盖该通道基线，二次确认 • 「参数下发...」表格：在「全部通道」行整列修改；存储区参数（橙色表头）只允许已置零通道修改，改后自动重新置零 • 「标定文件...」：加载 .ucf 标定文件，启动时自动加载 exe 同目录最新的 .ucf（默认 0.8919 kN/ns），力值按 k × Δt • 操作记录.log：置零、参数下发、加载标定文件留痕；settings.json 记住上次连接地址 • 命令行参数：ip:port、--auto 自动连接、--demo 演示模式 • FxDevice 引擎独立成库：DeviceEngine（合并读寄存器、不支持时自动回退逐个读、SNR 计算）、ParamCatalog、Ucf 解析 | F11: =COUNTIF(更新明细!$A:$A,$A11) | G11: 桌面上的「螺栓监测工具.exe」v1.5.1（09-07） | H11: git 80b3136（09-09 入库的 1.5.1 快照）；09-10 聊天记录
A12: 1.6.0 | B12: 2026-09-10 | C12: 工位软件 + 业主大屏（BoltPreload.Monitor 1.0.0） | D12: 桌面端与大屏共用 farm.json / .ucf，同一颗螺栓两边一个数 | E12: • 产品线收成两件：现场桌面 FxMonitor + 业主网页大屏 BoltPreload.Monitor；移除在线监测平台（API / Vue / PostgreSQL / SDK 1.4）（09-09） • 共用现场配置 farm.json：按设备 IP 选接线、按法兰挂标定文件（.ucf）与额定预紧力（CalPlan / FarmPlan） • 数据口径：无标定不算力值；通道按法兰归属；接线核对 • 基线两种模式：锚定（拧紧后置零看变化量）/ 自由（零状态）；大屏状态口径单点化、基线流水、维护模式 • 大屏一个屏接多台设备（按机组组织设备、历史、页面）；farm.json 热重载（保存后 1.5 s 内生效，写错拒绝并提示） • 大屏卡片精简：只留状态词、力值与占额定的条，解释进悬停提示；卡片加温度；顶段法兰正上方为 1 号顺时针编号 • F01 顶段法兰用 M64 标定文件与 1780 kN 额定；现场文件随 exe 输出；趋势图扇面修复 • 缺参考声时但探头在位的测点每 2 分钟补读，置零后大屏不再等 10～20 分钟 • 窗口标题带版本号（v1.6.0），现场分得清桌面上的旧 exe | F12: =COUNTIF(更新明细!$A:$A,$A12) | G12: dist\FxMonitor-1.6.0-源码.zip（源码快照，对应提交 4820a70） | H12: commits 80b3136 … 80677d5 / 4820a70（09-09～09-10）
A13: 1.7.0 | B13: 2026-09-11（09-15 同版本号重新发布，追加温补三档） | C13: 工位软件 + 大屏 | D13: 现场配置对话框、打开大屏、大屏服务化与一键发布 | E13: • 「现场配置...」对话框（SiteConfig / SiteConfigDialog）：机组号、设备地址、接线、标定、额定在界面里填，保存即写 farm.json • 「打开大屏」按钮：本机大屏服务没跑就启动、没装就装（UAC），不再拉起控制台实例；停服务从 30 s 降到 1 s • 大屏装成 Windows 服务（安装大屏服务.cmd / 卸载大屏服务.cmd），业主机上不再有黑窗口 • publish.ps1 一键发布成一个文件夹（两个 exe + 页面 + farm.json + 标定文件 + 装/卸服务脚本）；发布保留现场 farm.json / .ucf / 历史库 / 日志 / 桌面端设置 • 桌面端状态列与大屏共用同一份判定（Health.Judge） • 桌面端不再显示别人轮询的通道和噪声通道；改增益 / 回波窗等参数后标「需重新置零」；置零、下发参数后通知大屏重读基线（大屏每 10 分钟也重读） • 两个客户端共用一台设备的根因修复：声时差是客户端自算的，桌面端置零 / 改参数大屏原本不知道 • 自查修 5 处 bug、补 3 处部署面；交付只留装 / 卸服务两个脚本，清理旧标定文件与旧版工具 • 09-15 追加：温度补偿三档（不使用 / 材料系数 / 自定义系数）与厂家 SDK 公式对齐，farm.json 顶层 tcMode / tempCoefficient，桌面端与大屏同一口径（详见《温度补偿问题说明.docx》） | F13: =COUNTIF(更新明细!$A:$A,$A13) | G13: dist\FxMonitor-1.7.0.zip（源码 + 程序）；dist\螺栓预紧力监测（现场包） | H13: commits ecb2cf3 … 6afee43（09-11）；dist\FxMonitor-1.7.0\说明.md；温度补偿问题说明.docx（09-15）
A14: 1.8.0 | B14: 2026-09-17 | C14: 工位软件 + 大屏 | D14: 「试件规格 / 硬件调节 / 计算参数」三页照厂家做，规格库 + 材料库，对齐厂家可设置项 | E14: • 右侧常驻三页「试件规格 / 硬件调节 / 计算参数」，选中哪一路显示哪一路，一路一个试件 • 试件规格：名称、近似总长（算回波窗并可写入本路）、材料规格、有效长度（夹持长度 + 连接方式换算）、公称直径 + 螺距按 ISO 898-1 算净截面积、分组（法兰）、上下限（越限卡片数字变红）；保存写 farm.json channelSpecs，大屏读同一份 • 规格库 specs[]（一种螺栓填一次按名复用，.ucf 挂在规格上）与材料库 materials[]（等级带出屈服 / 声速 / 弹模 / 声弹因子 / 温度系数） • 波形可缩放 / 拖拽 / 框选 / 重置坐标；工具栏收成两排 • 对齐厂家可设置项（09-17 上午补齐六项）：自动增益 AGC、找回波窗（全波扫描点选回波并写入）、温度平滑五档（tempTau）、显示平均（不平均 / 4 / 8 / 16 帧，解决卡片闪烁）、温度借用（tempFrom）、自动法锚点存盘（data\anchors.json） • 「探头无信号」（信噪比 < 12 dB）行数字显示 --；60 秒无帧显示「无数据 N 秒」 • publish.ps1 固定发布到 dist\螺栓预紧力监测-新；修脚本无 BOM 在 PowerShell 5.1 下解析失败、停服务范围过宽两处 | F14: =COUNTIF(更新明细!$A:$A,$A14) | G14: dist\螺栓预紧力监测-新（1.8.0.0） | H14: FxMonitor.csproj 版本注释；09-17 聊天记录；新增源文件 SpecLibraryDialog / MaterialsDialog / SpecimenPanel / HardwarePanel / CalcPanel / EffectiveLengthDialog / BoltSpec / AnchorStore（尚未提交）
A15: 1.9.0 | B15: 2026-09-18（11:15 / 13:38 / 13:59 三次发布） | C15: 工位软件 + 大屏 | D15: 全面对齐厂家软件的操作口径 | E15: • 去掉自动增益按钮；改参数不再一刀切催置零：自动法或阈值 = 0 的通道不提示，阈值法且阈值 ≠ 0 仍标「需重新置零」；「改了没改」按设备读回值判定 • 设备回帧数字一律照显；试件规格页只留厂家同样七项；近似总长保存即按厂家公式（长度 × 2 × 10⁶ / 声速）写回波窗，只写本路、未改不碰设备 • 六个卡片顺序照厂家顶栏：夹紧力 → 温度 → 回波声时 → 伸长量 → 声时差 → 标准差 • 波形照厂家画：mm 横轴（可切 ns）、主回波区绿带、极值点 / 锚点标记、检出点虚线、悬停读数、右下角 SNR / DL 标签（与厂家同算法） • 波形下一排：通道号、测量模式下拉（自动 / 位置 / 阈值）、◀ ▶ 切通道、停止 / 继续、「测回」 • 底部「手动测量结果」表：测回记行（时间、通道、试件、分组、温度、回波声时、声时差、伸长量、夹紧力、标准差、备注），筛选、备注、删行、导出 CSV；存 data\手动测量结果.csv • 「硬件调节」改为可直接改的六个数字框（正 / 反向脉冲、占空比、增益、探头频率、回波宽度），应用只写改动项并读回核对 • 「计算参数」改成厂家那一套：温度通道 + 平滑、温度补偿三档、结果计算（材料系数 / 载荷标定 / 标定文件 + 浏览）；材料常数进材料库；所有框显示实际生效值不留空 • 深度检查修 6 处：回波窗不符误报、保存试件误写回波窗、规格库死代码、重复试件名提示文案等 | F15: =COUNTIF(更新明细!$A:$A,$A15) | G15: dist\螺栓预紧力监测-新（1.9.0.0） | H15: FxMonitor.csproj 版本注释；09-18 聊天记录
A16: 1.9.1 | B16: 2026-09-18（14:17、14:31） | C16: 工位软件 + 大屏 | D16: 复核修 4 处小问题，去重 4 处入口 | E16: • 硬件页数字框范围随设备实际值撑开，不再被夹到边界误判为「改过」 • 「结果计算」三段按钮改听选中状态变化，键盘切换同样生效 • 温度通道停手 0.7 s 自动保存，离开 / 回车立刻存（与厂家「改了即生效」一致） • 标定文件绑在规格上时的提示措辞改准（所有用该规格的通道一起变） • 去重：删工具栏「标定文件...」（会话级全局覆盖）、硬件页第二个「参数下发…」、现场配置「温度取自」列、规格库里的「材料库…」入口，每件事只留一个入口 • 工具栏两行：设备 / 连接 / 扫描通道 / 找回波窗 / 通道置零 / 参数下发；现场配置 / 打开大屏 / 显示平均 • 窗口标题 v1.9.1 | F16: =COUNTIF(更新明细!$A:$A,$A16) | G16: dist\螺栓预紧力监测1.9.zip（螺栓监测工具.exe + BoltPreload.Monitor.exe + wwwroot\farm.json + .ucf + 装/卸服务脚本） | H16: FxMonitor.csproj Version 1.9.1；09-18 聊天记录
A17: 2.0 | B17: 2026-09-22 | C17: 工位软件 + 大屏 | D17: 力值口径对齐厂家：主数字改为 k×Δt+b，桌面叫轴向力、大屏叫夹紧力 | E17: • 夹紧力改成厂家口径 measVal = k×Δt+b。在役锚定不再把「额定 + k×Δt」标成夹紧力 • 界面去掉「估算 kN」；偏低 / 松动仍在后台用「额定 + 夹紧力」判定，不摊在界面上 • 大屏主数字、趋势、报表、历史标题由「预紧力」改为「夹紧力」，与桌面同一条公式 • 桌面端六个卡片、列表、测回表改叫「轴向力」（测回表列名 U1轴向力），和厂家工位软件同一叫法 • 去掉工具栏那条 .ucf / 斜率 / 额定 / 公式；右侧页签上方一行：通道 · 温度补偿 · 结果计算；没标定文件时这行变橙 • 窗口标题带机组号，例如「螺栓预紧力监视器 v2.0 — F01 机组」 | F17: =COUNTIF(更新明细!$A:$A,$A17) | G17: Release 编译（产品版本 2.0）；尚未另打 dist 发布包 | H17: FxMonitor.csproj Version 2.0；CalPlan.ClampKn；09-21～09-22 开发记录

Sheet 更新明细
A1: 版本 | B1: 日期 | C1: 模块 | D1: 类型 | E1: 更新内容 | F1: 来源 / 依据 | H1: 类型 | I1: 条目数
A2: v1.0.0 | B2: 2026-06-15 ～ 07-15 | C2: 平台后端 | D2: 新增 | E2: 首次完整快照：前端、后端、迁移与部署脚本入库 | F2: git 06-15～07-15 提交，tag v1.0.0 | H2: 新增 | I2: =COUNTIF($D:$D,H2)
A3: v1.0.0 | B3: 2026-06-15 ～ 07-15 | C3: 平台后端 | D3: 修复 | E3: 标定四眼复核 / 许可证容量门禁 / 采集层解耦 / 测点健康字段 / 数据库集成测试 | F3: git 06-15～07-15 提交，tag v1.0.0 | H3: 优化 | I3: =COUNTIF($D:$D,H3)
A4: v1.0.0 | B4: 2026-06-15 ～ 07-15 | C4: 平台网页 | D4: 新增 | E4: 前端商业化改造：标定工作台、设备控制台、告警增强、实时、大屏 | F4: git 06-15～07-15 提交，tag v1.0.0 | H4: 修复 | I4: =COUNTIF($D:$D,H4)
A5: v1.0.0 | B5: 2026-06-15 ～ 07-15 | C5: 平台网页 | D5: 优化 | E5: 界面全中文化、跨页一致性；统一枚举与文案 | F5: git 06-15～07-15 提交，tag v1.0.0 | H5: 移除 | I5: =COUNTIF($D:$D,H5)
A6: v1.0.0 | B6: 2026-06-15 ～ 07-15 | C6: 平台后端 | D6: 新增 | E6: 接入实验室真机：波形落库、迁移补齐、日志收敛、令牌吊销、前端共享运行时 | F6: git 06-15～07-15 提交，tag v1.0.0 | H6: 架构 | I6: =COUNTIF($D:$D,H6)
A7: v1.0.0 | B7: 2026-06-15 ～ 07-15 | C7: 平台后端 | D7: 修复 | E7: 采集会话竞态与看门狗重连判定；背压不丢最新、unbound 幂等、按收包时刻计新鲜度 | F7: git 06-15～07-15 提交，tag v1.0.0 | H7: 交付 | I7: =COUNTIF($D:$D,H7)
A8: v1.0.0 | B8: 2026-06-15 ～ 07-15 | C8: 平台网页 | D8: 修复 | E8: 权限纵深防御；扫描后 MCR 恢复；多模拟器标定 | F8: git 06-15～07-15 提交，tag v1.0.0 | H8: 文档 | I8: =COUNTIF($D:$D,H8)
A9: v1.0.0 | B9: 2026-06-15 ～ 07-15 | C9: 平台后端 | D9: 优化 | E9: 标定状态口径修正；总览 / 资产重构（新增偏高 / 超张力状态） | F9: git 06-15～07-15 提交，tag v1.0.0 | H9: 合计 | I9: =SUM(I2:I8)
A10: v1.0.0 | B10: 2026-06-15 ～ 07-15 | C10: 平台网页 | D10: 新增 | E10: 法兰雷达重做为工程布置图（按现场位号排布，支持未监测孔位） | F10: git 06-15～07-15 提交，tag v1.0.0
A11: v1.0.0 | B11: 2026-06-15 ～ 07-15 | C11: 平台网页 | D11: 新增 | E11: 告警中心专业化升级（处置优先级 / 责任链可见 / 抑制可管理） | F11: git 06-15～07-15 提交，tag v1.0.0
A12: v1.0.0 | B12: 2026-06-15 ～ 07-15 | C12: 部署与交付 | D12: 交付 | E12: v1.0.0 交付整理：版本定稿、依赖安全升级（vite / ws 漏洞）、仓库瘦身 | F12: git 06-15～07-15 提交，tag v1.0.0
A13: 1.1.0 | B13: 2026-07-15 ～ 07-31 | C13: 平台后端 | D13: 新增 | E13: 探头热插拔识别：插上秒级识别对应通道并自动采集，拔下即时显示断开 | F13: git 07-15～07-31 提交，commit cb513d9
A14: 1.1.0 | B14: 2026-07-15 ～ 07-31 | C14: 平台后端 | D14: 新增 | E14: 在位判定物理门；拔出静默阈值随通道数自适应 | F14: git 07-15～07-31 提交，commit cb513d9
A15: 1.1.0 | B15: 2026-07-15 ～ 07-31 | C15: 平台后端 | D15: 新增 | E15: 检测即螺栓：探头在位自动建档 + 设备默认监测组 | F15: git 07-15～07-31 提交，commit cb513d9
A16: 1.1.0 | B16: 2026-07-15 ～ 07-31 | C16: 平台后端 | D16: 新增 | E16: 点位与验收工作流：验收会话 / 验收记录 / 点位表 / 接线指纹守卫 | F16: git 07-15～07-31 提交，commit cb513d9
A17: 1.1.0 | B17: 2026-07-15 ～ 07-31 | C17: 平台后端 | D17: 新增 | E17: 通道目录管理与 48 通道免重启扩容 | F17: git 07-15～07-31 提交，commit cb513d9
A18: 1.1.0 | B18: 2026-07-15 ～ 07-31 | C18: SDK / 采集 | D18: 修复 | E18: 真机协议链路：RefTime 存储读取波形、心跳 2 s 保活、参数探测 | F18: git 07-15～07-31 提交，commit cb513d9
A19: 1.1.0 | B19: 2026-07-15 ～ 07-31 | C19: 平台后端 | D19: 新增 | E19: 后台服务健康心跳、/ready 就绪探针升级、unbound 保留期清理 | F19: git 07-15～07-31 提交，commit cb513d9
A20: 1.1.0 | B20: 2026-07-15 ～ 07-31 | C20: 部署与交付 | D20: 新增 | E20: LicenseSigner 签发工具；机器码不随网络状态漂移 | F20: git 07-15～07-31 提交，commit cb513d9
A21: 1.1.0 | B21: 2026-07-15 ～ 07-31 | C21: 平台网页 | D21: 修复 | E21: 标定页深检修复；全页面深检修复 18 处（告警口径统一、过期标定归档、报告结论分级等） | F21: git 07-15～07-31 提交，commit cb513d9
... A143: 2.0 | B143: 2026-09-22 | C143: 工位软件 | D143: 交付 | E143: 版本号定为 2.0；2026-09-22 按 Release 编译，产品版本 2.0 | F143: 09-21～09-22 开发记录；FxMonitor.csproj Version 2.0

Sheet 说明
A1: 条目 | B1: 说明
A2: 版本脉络 | B2: 1.0.0 ～ 1.2.1 是「螺栓预紧力在线监测平台」（API + 网页 + PostgreSQL）的发布版本；2026-08 底起产品收成「现场桌面工位软件（FxMonitor）+ 业主网页大屏（BoltPreload.Monitor）」两件，工位软件从 1.3 起沿用同一条版本号往后编到 2.0，平台于 09-09 从仓库移除。
A3: 大屏版本号 | B3: BoltPreload.Monitor 的工程版本号一直是 1.0.0，没有单独升版；本表中大屏的改动按当时配套发布的工位软件版本归档。
A4: 1.3 ～ 1.5 的空档 | B4: 工位软件 1.3、1.4、1.5 三版发生在 2026-08-28 ～ 09-07，当时未提交 git，也没有留下版本说明；1.3 的内容取自 09-01 的进展汇报，1.4 ～ 1.5.1 按 09-09 首次入库的 1.5.1 源码快照汇总，无法再拆到逐版。
A5: 1.2.1 后的平台工作 | B5: 08-12 ～ 08-24 平台上做的 SDK 1.6 换源、探头识别与标定加固没有单独打版本号，其中 SDK 1.6、在役锚定、材料库 / 规格预设、12 dB 信号质量门等思路沿用到了后来的 FxDevice 引擎和工位软件。
A6: 1.7.0 的两次发布 | B6: 1.7.0 于 09-11 定版；09-15 增加温度补偿三档后同版本号重新发布（exe 文件版本仍为 1.7.0.0），本表把 09-15 的改动记在 1.7.0 之下并标注日期。
A7: 1.8 中后被调整的项 | B7: 1.8 加的「自动增益」按钮在 1.9.0 去掉；「温度取自」列在 1.9.1 并入计算参数页；温补 / 平滑下拉在 1.9.0 从工具栏挪到计算参数页。
A8: 依据 | B8: git 提交与标签（v1.0.0 / v1.2.0 / v1.2.1，及 09-09 ～ 09-11 提交）；src/FxMonitor/FxMonitor.csproj 的版本注释（1.6 ～ 1.9）；dist\FxMonitor-1.7.0\说明.md；资料\工程文档\温度补偿问题说明.docx；桌面《谛听恒-螺栓试验能力建设进展汇报-20260901.docx》；09-09 ～ 09-22 的开发对话记录；各版 exe 的文件版本与时间；FxMonitor.csproj Version 2.0。
A9: 整理日期 | B9: 2026-09-22
A10: 2.0 的力值口径 | B10: 2026-09-21 起界面上的力对齐厂家：主数字是 k×Δt+b。在役锚定的「额定 + k×Δt」只用于偏低 / 松动判定，不再当作主数字。桌面端叫轴向力，大屏叫夹紧力。版本号于 09-22 定为 2.0。
